kim[m], 0, 0, 0, 0, 
kim[m], 1, 0, 1, 0, 
kim[m], 0, 0, 0, 1, 
kim[m], 1, 0, 1, 0, 
kim[m], 0, 0, 0, 0, 
kim[m], 1, 0, 0, 0, 
kim[m], 0, 0, 1, 0, 
kim[m], 1, 0, 0, 0, 
kim[m], 0, 0, 1, 1, 
kim[m], 1, 0, 0, 0, 
kim[m], 0, 0, 0, 0, 
kim[m], 0, 0, 1, 0, 
kim[m], 1, 0, 0, 0, 
kim[m], 0, 0, 1, 0, 
kim[m], 1, 0, 0, 1, 
kim[m], 0, 0, 0, 0, 
kim[m], 1, 0, 1, 0, 
kim[m], 0, 0, 0, 0, 
kim[m], 1, 0, 1, 0, 
kim[m], 0, 0, 0, 0, 
kim[m], 1, 0, 0, 1, 
kim[m], 0, 0, 1, 0, 
kim[m], 0, 0, 0, 0, 
kim[m], 1, 0, 1, 0, 
kim[m], 0, 0, 0, 0, 
kim[m], 1, 0, 0, 1, 
kim[m], 0, 0, 1, 0, 
kim[m], 1, 0, 0, 0, 
kim[m], 0, 0, 1, 0, 
kim[m], 1, 0, 0, 0, 
kim[m], 0, 0, 0, 0, 
kim[m], 1, 0, 1, 1, 
kim[m], 0, 0, 0, 0, 
kim[m], 0, 0, 1, 0, 
kim[m], 1, 0, 0, 0, 
kim[m], 0, 0, 0, 0, 
kim[m], 1, 0, 1, 0, 
kim[m], 0, 0, 0, 1, 
kim[m], 1, 0, 1, 0, 
kim[m], 0, 0, 0, 0, 
kim[m], 1, 0, 0, 0, 
kim[m], 0, 0, 1, 0, 
kim[m], 1, 0, 0, 0, 
kim[m], 0, 0, 1, 1, 
kim[m], 0, 0, 0, 0, 
kim[m], 1, 0, 0, 0, 
kim[m], 0, 0, 1, 0, 
kim[m], 1, 0, 0, 0, 
kim[m], 0, 0, 1, 1, 
kim[m], 1, 0, 0, 0, 
kim[m], 0, 0, 0, 0, 
kim[m], 1, 0, 1, 0, 
kim[m], 0, 0, 0, 0, 
kim[m], 1, 0, 1, 0, 
kim[m], 0, 0, 0, 1, 
kim[m], 0, 0, 0, 0, 
kim[m], 1, 0, 1, 0, 
kim[m], 0, 0, 0, 0, 
kim[m], 1, 0, 1, 0, 
kim[m], 0, 0, 0, 0, 
kim[m], 1, 0, 0, 1, 
kim[m], 0, 0, 1, 0, 
kim[m], 1, 0, 0, 0, 
kim[m], 0, 0, 1, 0, 
kim[m], 1, 0, 0, 0, 
kim[m], 0, 0, 0, 0, 
kim[m], 0, 0, 1, 1, 
kim[m], 1, 0, 0, 0, 
kim[m], 0, 0, 1, 0, 
kim[m], 1, 0, 0, 0, 
kim[m], 0, 0, 0, 0, 
kim[m], 1, 0, 1, 1, 
kim[m], 0, 0, 0, 0, 
kim[m], 1, 0, 1, 0, 
kim[m], 0, 0, 0, 0, 
kim[m], 1, 0, 0, 0, 
kim[m], 0, 0, 1, 0, 
kim[m], 0, 0, 0, 1, 
kim[m], 1, 0, 1, 0, 
kim[m], 0, 0, 0, 0, 
kim[m], 1, 0, 0, 0, 
kim[m], 0, 0, 1, 0, 
kim[m], 1, 0, 0, 0, 
kim[m], 0, 0, 1, 1, 
kim[m], 1, 0, 0, 0, 
kim[m], 0, 0, 0, 0, 
kim[m], 1, 0, 1, 0, 
kim[m], 0, 0, 0, 0, 
kim[m], 0, 0, 1, 0, 
kim[m], 1, 0, 0, 1, 
kim[m], 0, 0, 0, 0, 
kim[m], 1, 0, 1, 0, 
kim[m], 0, 0, 0, 0, 
kim[m], 1, 0, 1, 0, 
kim[m], 0, 0, 0, 1, 
kim[m], 1, 0, 0, 0, 
kim[m], 0, 0, 1, 0, 
kim[m], 1, 0, 0, 0, 
kim[m], 0, 0, 0, 0, 
kim[m], 1, 0, 1, 0, 
kim[m], 0, 0, 0, 1, 
kim[m], 0, 0, 1, 0, 
kim[m], 1, 0, 0, 0, 
kim[m], 0, 0, 0, 0, 
kim[m], 1, 0, 1, 0, 
kim[m], 0, 0, 0, 0, 
kim[m], 1, 0, 1, 1, 
kim[m], 0, 0, 0, 0, 
kim[m], 1, 0, 0, 0, 
kim[m], 0, 0, 1, 0, 
kim[m], 1, 0, 0, 0, 
kim[m], 0, 0, 1, 0, 
kim[m], 0, 0, 0, 1, 
kim[m], 1, 0, 0, 0, 
kim[m], 0, 0, 1, 0, 
kim[m], 1, 0, 0, 0, 
kim[m], 0, 0, 1, 0, 
kim[m], 1, 0, 0, 1, 
kim[m], 0, 0, 0, 0, 
kim[m], 1, 0, 1, 0, 
kim[m], 0, 0, 0, 0, 
kim[m], 1, 0, 1, 0, 
kim[m], 0, 0, 0, 0, 
kim[m], 0, 0, 0, 1, 
kim[m], 1, 0, 1, 0, 
kim[m], 0, 0, 0, 0, 
kim[m], 1, 0, 1, 0, 
kim[m], 0, 0, 0, 0, 
kim[m], 1, 0, 0, 0, 
kim[m], 0, 0, 1, 1, 
kim[m], 1, 0, 0, 0, 
kim[m], 0, 0, 1, 0, 
kim[m], 1, 0, 0, 0, 
kim[m], 0, 0, 0, 0, 
kim[m], 0, 0, 1, 0, 
kim[m], 1, 0, 0, 1, 
kim[m], 0, 0, 1, 0, 
kim[m], 1, 0, 0, 0, 
kim[m], 0, 0, 0, 0, 
kim[m], 1, 0, 1, 0, 
kim[m], 0, 0, 0, 1, 
kim[m], 1, 0, 1, 0, 
kim[m], 0, 0, 0, 0, 
kim[m], 1, 0, 0, 0, 
kim[m], 0, 0, 1, 0, 
kim[m], 0, 0, 0, 0, 
kim[m], 1, 0, 1, 1, 
kim[m], 0, 0, 0, 0, 
kim[m], 1, 0, 0, 0, 
kim[m], 0, 0, 1, 0, 
kim[m], 1, 0, 0, 0, 
kim[m], 0, 0, 1, 0, 
kim[m], 1, 0, 0, 1, 
kim[m], 0, 0, 0, 0, 
kim[m], 1, 0, 1, 0, 
kim[m], 0, 0, 0, 0, 
kim[m], 0, 0, 1, 0, 
kim[m], 1, 0, 0, 0, 
kim[m], 0, 0, 0, 1, 
kim[m], 1, 0, 1, 0, 
kim[m], 0, 0, 0, 0, 
kim[m], 1, 0, 1, 0, 
kim[m], 0, 0, 0, 0, 
kim[m], 1, 0, 0, 0, 
kim[m], 0, 0, 1, 1, 
kim[m], 1, 0, 0, 0, 
kim[m], 0, 0, 1, 0, 
kim[m], 0, 0, 0, 0, 
kim[m], 1, 0, 0, 0, 
kim[m], 0, 0, 1, 1, 
kim[m], 1, 0, 0, 0, 
kim[m], 0, 0, 1, 0, 
kim[m], 1, 0, 0, 0, 
kim[m], 0, 0, 0, 0, 
kim[m], 1, 0, 1, 0, 
kim[m], 0, 0, 0, 1, 
kim[m], 1, 0, 1, 0, 
kim[m], 0, 0, 0, 0, 
kim[m], 0, 0, 0, 0, 
kim[m], 1, 0, 1, 0, 
kim[m], 0, 0, 0, 0, 
kim[m], 1, 0, 1, 1, 
kim[m], 0, 0, 0, 0, 
kim[m], 1, 0, 0, 0, 
kim[m], 0, 0, 1, 0, 
kim[m], 1, 0, 0, 0, 
kim[m], 0, 0, 1, 0, 
kim[m], 1, 0, 0, 1, 
kim[m], 0, 0, 0, 0, 
kim[m], 0, 0, 1, 0, 
kim[m], 1, 0, 0, 0, 
kim[m], 0, 0, 1, 0, 
kim[m], 1, 0, 0, 1, 
kim[m], 0, 0, 0, 0, 
kim[m], 1, 0, 1, 0, 
kim[m], 0, 0, 0, 0, 
kim[m], 1, 0, 1, 0, 
kim[m], 0, 0, 0, 0, 
kim[m], 1, 0, 0, 1, 
kim[m], 0, 0, 1, 0, 
kim[m], 0, 0, 0, 0, 
kim[m], 1, 0, 1, 0, 
kim[m], 0, 0, 0, 0, 
kim[m], 1, 0, 0, 0, 
kim[m], 0, 0, 1, 1, 
kim[m], 1, 0, 0, 0, 
kim[m], 0, 0, 1, 0, 
kim[m], 1, 0, 0, 0, 
kim[m], 0, 0, 0, 0, 
kim[m], 1, 0, 1, 0, 
kim[m], 0, 0, 0, 1, 
kim[m], 0, 0, 1, 0, 
kim[m], 1, 0, 0, 0, 
kim[m], 0, 0, 0, 0, 
kim[m], 1, 0, 1, 0, 
kim[m], 0, 0, 0, 1, 
kim[m], 1, 0, 1, 0, 
kim[m], 0, 0, 0, 0, 
kim[m], 1, 0, 0, 0, 
kim[m], 0, 0, 1, 0, 
kim[m], 1, 0, 0, 0, 
kim[m], 0, 0, 1, 1, 
kim[m], 0, 0, 0, 0, 
kim[m], 1, 0, 0, 0, 
kim[m], 0, 0, 1, 0, 
kim[m], 1, 0, 0, 0, 
kim[m], 0, 0, 1, 0, 
kim[m], 1, 0, 0, 1, 
kim[m], 0, 0, 0, 0, 
kim[m], 1, 0, 1, 0, 
kim[m], 0, 0, 0, 0, 
kim[m], 1, 0, 1, 0, 
kim[m], 0, 0, 0, 0, 
kim[m], 0, 0, 0, 1, 
kim[m], 1, 0, 1, 0, 
kim[m], 0, 0, 0, 0, 
kim[m], 1, 0, 1, 0, 
kim[m], 0, 0, 0, 0, 
kim[m], 1, 0, 0, 1, 
kim[m], 0, 0, 1, 0, 
kim[m], 1, 0, 0, 0, 
kim[m], 0, 0, 1, 0, 
kim[m], 1, 0, 0, 0, 
kim[m], 0, 0, 0, 0, 
kim[m], 0, 0, 1, 1, 
kim[m], 1, 0, 0, 0, 
kim[m], 0, 0, 1, 0, 
kim[m], 1, 0, 0, 0, 
kim[m], 0, 0, 0, 0, 
kim[m], 1, 0, 1, 0, 
kim[m], 0, 0, 0, 1, 
kim[m], 1, 0, 1, 0, 
kim[m], 0, 0, 0, 0, 
kim[m], 1, 0, 0, 0, 
kim[m], 0, 0, 1, 0, 
kim[m], 0, 0, 0, 0, 
kim[m], 1, 0, 1, 1, 
kim[m], 0, 0, 0, 0, 
kim[m], 1, 0, 0, 0, 
kim[m], 0, 0, 1, 0, 
kim[m], 1, 0, 0, 0, 
kim[m], 0, 0, 1, 1, 
kim[m], 1, 0, 0, 0, 
kim[m], 0, 0, 0, 0, 
kim[m], 1, 0, 1, 0, 
kim[m], 0, 0, 0, 0, 
kim[m], 0, 0, 1, 0, 
kim[m], 1, 0, 0, 1, 
kim[m], 0, 0, 0, 0, 
kim[m], 1, 0, 1, 0, 
kim[m], 0, 0, 0, 0, 
kim[m], 1, 0, 1, 0, 
kim[m], 0, 0, 0, 0, 
kim[m], 1, 0, 0, 1, 
kim[m], 0, 0, 1, 0, 
kim[m], 1, 0, 0, 0, 
kim[m], 0, 0, 1, 0, 
kim[m], 0, 0, 0, 0, 
kim[m], 1, 0, 0, 0, 
kim[m], 0, 0, 1, 1, 
kim[m], 1, 0, 0, 0, 
kim[m], 0, 0, 1, 0, 
kim[m], 1, 0, 0, 0, 
kim[m], 0, 0, 0, 0, 
kim[m], 1, 0, 1, 1, 
kim[m], 0, 0, 0, 0, 
kim[m], 1, 0, 1, 0, 
kim[m], 0, 0, 0, 0, 
kim[m], 1, 0, 0, 0, 
kim[m], 0, 0, 1, 0, 
kim[m], 0, 0, 0, 1, 
kim[m], 1, 0, 1, 0, 
kim[m], 0, 0, 0, 0, 
kim[m], 1, 0, 0, 0, 
kim[m], 0, 0, 1, 0, 
kim[m], 1, 0, 0, 0, 
kim[m], 0, 0, 0, 1, 
kim[m], 1, 0, 1, 0, 
kim[m], 0, 0, 0, 0, 
kim[m], 1, 0, 1, 0, 
kim[m], 0, 0, 0, 0, 
kim[m], 0, 0, 0, 0, 
kim[m], 1, 0, 1, 1, 
kim[m], 0, 0, 0, 0, 
kim[m], 1, 0, 1, 0, 
kim[m], 0, 0, 0, 0, 
kim[m], 1, 0, 0, 0, 
kim[m], 0, 0, 1, 1, 
kim[m], 1, 0, 0, 0, 
kim[m], 0, 0, 1, 0, 
kim[m], 1, 0, 0, 0, 
kim[m], 0, 0, 0, 0, 
kim[m], 0, 0, 1, 0, 
kim[m], 1, 0, 0, 1, 
kim[m], 0, 0, 1, 0, 
kim[m], 1, 0, 0, 0, 
kim[m], 0, 0, 0, 0, 
kim[m], 1, 0, 1, 0, 
kim[m], 0, 0, 0, 0, 
kim[m], 1, 0, 1, 1, 
kim[m], 0, 0, 0, 0, 
kim[m], 1, 0, 0, 0, 
kim[m], 0, 0, 1, 0, 
kim[m], 0, 0, 0, 0, 
kim[m], 1, 0, 1, 0, 
kim[m], 0, 0, 0, 1, 
kim[m], 1, 0, 0, 0, 
kim[m], 0, 0, 1, 0, 
kim[m], 1, 0, 0, 0, 
kim[m], 0, 0, 1, 0, 
kim[m], 1, 0, 0, 1, 
kim[m], 0, 0, 0, 0, 
kim[m], 1, 0, 1, 0, 
kim[m], 0, 0, 0, 0, 
kim[m], 0, 0, 1, 0, 
kim[m], 1, 0, 0, 0, 
kim[m], 0, 0, 0, 1, 
kim[m], 1, 0, 1, 0, 
kim[m], 0, 0, 0, 0, 
kim[m], 1, 0, 1, 0, 
kim[m], 0, 0, 0, 0, 
kim[m], 1, 0, 0, 0, 
kim[m], 0, 0, 1, 1, 
kim[m], 1, 0, 0, 0, 
kim[m], 0, 0, 1, 0, 
kim[m], 0, 0, 0, 0, 
kim[m], 1, 0, 0, 0, 
kim[m], 0, 0, 1, 0, 
kim[m], 1, 0, 0, 1, 
kim[m], 0, 0, 1, 0, 
kim[m], 1, 0, 0, 0, 
kim[m], 0, 0, 0, 0, 
kim[m], 1, 0, 1, 0, 
kim[m], 0, 0, 0, 1, 
kim[m], 1, 0, 1, 0, 
kim[m], 0, 0, 0, 0, 
kim[m], 0, 0, 0, 0, 
kim[m], 1, 0, 1, 0, 
kim[m], 0, 0, 0, 0, 
kim[m], 1, 0, 1, 1, 
kim[m], 0, 0, 0, 0, 
kim[m], 1, 0, 0, 0, 
kim[m], 0, 0, 1, 0, 
kim[m], 1, 0, 0, 0, 
kim[m], 0, 0, 1, 0, 
kim[m], 1, 0, 0, 1, 
kim[m], 0, 0, 0, 0, 
kim[m], 0, 0, 1, 0, 
kim[m], 1, 0, 0, 0, 
kim[m], 0, 0, 1, 0, 
kim[m], 1, 0, 0, 0, 
kim[m], 0, 0, 0, 1, 
kim[m], 1, 0, 1, 0, 
kim[m], 0, 0, 0, 0, 
kim[m], 1, 0, 1, 0, 
kim[m], 0, 0, 0, 0, 
kim[m], 1, 0, 0, 1, 
kim[m], 0, 0, 1, 0, 
kim[m], 0, 0, 0, 0, 
kim[m], 1, 0, 1, 0, 
kim[m], 0, 0, 0, 0, 
kim[m], 1, 0, 0, 0, 
kim[m], 0, 0, 1, 1, 
kim[m], 1, 0, 0, 0, 
kim[m], 0, 0, 1, 0, 
kim[m], 1, 0, 0, 0, 
kim[m], 0, 0, 0, 0, 
kim[m], 1, 0, 1, 0, 
kim[m], 0, 0, 0, 1, 
kim[m], 0, 0, 1, 0, 
kim[m], 1, 0, 0, 0, 
kim[m], 0, 0, 0, 0, 
kim[m], 1, 0, 1, 0, 
kim[m], 0, 0, 0, 0, 
kim[m], 1, 0, 1, 1, 
kim[m], 0, 0, 0, 0, 
kim[m], 1, 0, 0, 0, 
kim[m], 0, 0, 1, 0, 
kim[m], 1, 0, 0, 0, 
kim[m], 0, 0, 1, 1, 
kim[m], 0, 0, 0, 0, 
kim[m], 1, 0, 0, 0, 
kim[m], 0, 0, 1, 0, 
kim[m], 1, 0, 0, 0, 
kim[m], 0, 0, 1, 0, 
kim[m], 1, 0, 0, 1, 
kim[m], 0, 0, 0, 0, 
kim[m], 1, 0, 1, 0, 
kim[m], 0, 0, 0, 0, 
kim[m], 1, 0, 1, 0, 
kim[m], 0, 0, 0, 0, 
kim[m], 0, 0, 0, 1, 
kim[m], 1, 0, 1, 0, 
kim[m], 0, 0, 0, 0, 
kim[m], 1, 0, 1, 0, 
kim[m], 0, 0, 0, 0, 
kim[m], 1, 0, 0, 0, 
kim[m], 0, 0, 1, 1, 
kim[m], 1, 0, 0, 0, 
kim[m], 0, 0, 1, 0, 
kim[m], 1, 0, 0, 0, 
kim[m], 0, 0, 0, 0, 
kim[m], 0, 0, 1, 1, 
kim[m], 1, 0, 0, 0, 
kim[m], 0, 0, 1, 0, 
kim[m], 1, 0, 0, 0, 
kim[m], 0, 0, 0, 0, 
kim[m], 1, 0, 1, 0, 
kim[m], 0, 0, 0, 1, 
kim[m], 1, 0, 1, 0, 
kim[m], 0, 0, 0, 0, 
kim[m], 1, 0, 0, 0, 
kim[m], 0, 0, 1, 0, 
kim[m], 0, 0, 0, 0, 
kim[m], 1, 0, 1, 1, 
kim[m], 0, 0, 0, 0, 
kim[m], 1, 0, 0, 0, 
kim[m], 0, 0, 1, 0, 
kim[m], 1, 0, 0, 0, 
kim[m], 0, 0, 1, 0, 
kim[m], 1, 0, 0, 1, 
kim[m], 0, 0, 0, 0, 
kim[m], 1, 0, 1, 0, 
kim[m], 0, 0, 0, 0, 
kim[m], 0, 0, 1, 0, 
kim[m], 1, 0, 0, 0, 
kim[m], 0, 0, 0, 1, 
kim[m], 1, 0, 1, 0, 
kim[m], 0, 0, 0, 0, 
kim[m], 1, 0, 1, 0, 
kim[m], 0, 0, 0, 0, 
kim[m], 1, 0, 0, 1, 
kim[m], 0, 0, 1, 0, 
kim[m], 1, 0, 0, 0, 
kim[m], 0, 0, 1, 0, 
kim[m], 0, 0, 0, 0, 
kim[m], 1, 0, 0, 0, 
kim[m], 0, 0, 1, 1, 
kim[m], 1, 0, 0, 0, 
kim[m], 0, 0, 1, 0, 
kim[m], 1, 0, 0, 0, 
kim[m], 0, 0, 0, 0, 
kim[m], 1, 0, 1, 0, 
kim[m], 0, 0, 0, 1, 
kim[m], 1, 0, 1, 0, 
kim[m], 0, 0, 0, 0, 
kim[m], 0, 0, 0, 0, 
kim[m], 1, 0, 1, 0, 
kim[m], 0, 0, 0, 0, 
kim[m], 1, 0, 1, 1, 
kim[m], 0, 0, 0, 0, 
kim[m], 1, 0, 0, 0, 
kim[m], 0, 0, 1, 0, 
kim[m], 1, 0, 0, 0, 
kim[m], 0, 0, 1, 1, 
kim[m], 1, 0, 0, 0, 
kim[m], 0, 0, 0, 0, 
kim[m], 1, 0, 1, 0, 
kim[m], 0, 0, 0, 0, 
kim[m], 0, 0, 1, 0, 
kim[m], 1, 0, 0, 1, 
kim[m], 0, 0, 0, 0, 
kim[m], 1, 0, 1, 0, 
kim[m], 0, 0, 0, 0, 
kim[m], 1, 0, 1, 0, 
kim[m], 0, 0, 0, 0, 
kim[m], 1, 0, 0, 1, 
kim[m], 0, 0, 1, 0, 
kim[m], 1, 0, 0, 0, 
kim[m], 0, 0, 1, 0, 
kim[m], 0, 0, 0, 0, 
kim[m], 1, 0, 0, 0, 
kim[m], 0, 0, 1, 1, 
kim[m], 1, 0, 0, 0, 
kim[m], 0, 0, 0, 0, 
kim[m], 1, 0, 1, 0, 
kim[m], 0, 0, 0, 0, 
kim[m], 1, 0, 1, 1, 
kim[m], 0, 0, 0, 0, 
kim[m], 1, 0, 0, 0, 
kim[m], 0, 0, 1, 0, 
kim[m], 0, 0, 0, 0, 
kim[m], 1, 0, 1, 0, 
kim[m], 0, 0, 0, 1, 
kim[m], 1, 0, 0, 0, 
kim[m], 0, 0, 1, 0, 
kim[m], 1, 0, 0, 0, 
kim[m], 0, 0, 1, 0, 
kim[m], 1, 0, 0, 0, 
kim[m], 0, 0, 0, 1, 
kim[m], 1, 0, 1, 0, 
kim[m], 0, 0, 0, 0, 
kim[m], 0, 0, 1, 0, 
kim[m], 1, 0, 0, 0, 
kim[m], 0, 0, 0, 0, 
kim[m], 1, 0, 1, 1, 
kim[m], 0, 0, 0, 0, 
kim[m], 1, 0, 1, 0, 
kim[m], 0, 0, 0, 0, 
kim[m], 1, 0, 0, 0, 
kim[m], 0, 0, 1, 1, 
kim[m], 1, 0, 0, 0, 
kim[m], 0, 0, 1, 0, 
kim[m], 0, 0, 0, 0, 
kim[m], 1, 0, 0, 0, 
kim[m], 0, 0, 1, 0, 
kim[m], 1, 0, 0, 1, 
kim[m], 0, 0, 1, 0, 
kim[m], 1, 0, 0, 0, 
kim[m], 0, 0, 0, 0, 
kim[m], 1, 0, 1, 0, 
kim[m], 0, 0, 0, 0, 
kim[m], 1, 0, 1, 1, 
kim[m], 0, 0, 0, 0, 
kim[m], 0, 0, 0, 0, 
kim[m], 1, 0, 1, 0, 
kim[m], 0, 0, 0, 0, 
kim[m], 1, 0, 1, 0, 
kim[m], 0, 0, 0, 1, 
kim[m], 1, 0, 0, 0, 
kim[m], 0, 0, 1, 0, 
kim[m], 1, 0, 0, 0, 
kim[m], 0, 0, 1, 0, 
kim[m], 1, 0, 0, 1, 
kim[m], 0, 0, 0, 0, 
kim[m], 0, 0, 1, 0, 
kim[m], 1, 0, 0, 0, 
kim[m], 0, 0, 1, 0, 
kim[m], 1, 0, 0, 0, 
kim[m], 0, 0, 0, 1, 
kim[m], 1, 0, 1, 0, 
kim[m], 0, 0, 0, 0, 
kim[m], 1, 0, 1, 0, 
kim[m], 0, 0, 0, 0, 
kim[m], 1, 0, 0, 0, 
kim[m], 0, 0, 1, 1, 
kim[m], 0, 0, 0, 0, 
kim[m], 1, 0, 1, 0, 
kim[m], 0, 0, 0, 0, 
kim[m], 1, 0, 0, 0, 
kim[m], 0, 0, 1, 0, 
kim[m], 1, 0, 0, 1, 
kim[m], 0, 0, 1, 0, 
kim[m], 1, 0, 0, 0, 
kim[m], 0, 0, 0, 0, 
kim[m], 1, 0, 1, 0, 
kim[m], 0, 0, 0, 1, 
kim[m], 0, 0, 1, 0, 
kim[m], 1, 0, 0, 0, 
kim[m], 0, 0, 0, 0, 
kim[m], 1, 0, 1, 0, 
kim[m], 0, 0, 0, 0, 
kim[m], 1, 0, 1, 1, 
kim[m], 0, 0, 0, 0, 
kim[m], 1, 0, 0, 0, 
kim[m], 0, 0, 1, 0, 
kim[m], 1, 0, 0, 0, 
kim[m], 0, 0, 1, 0, 
kim[m], 0, 0, 0, 1, 
kim[m], 1, 0, 0, 0, 
kim[m], 0, 0, 1, 0, 
kim[m], 1, 0, 0, 0, 
kim[m], 0, 0, 1, 0, 
kim[m], 1, 0, 0, 0, 
kim[m], 0, 0, 0, 1, 
kim[m], 1, 0, 1, 0, 
kim[m], 0, 0, 0, 0, 
kim[m], 1, 0, 1, 0, 
kim[m], 0, 0, 0, 0, 
kim[m], 0, 0, 0, 1, 
kim[m], 1, 0, 1, 0, 
kim[m], 0, 0, 0, 0, 
kim[m], 1, 0, 1, 0, 
kim[m], 0, 0, 0, 0, 
kim[m], 1, 0, 0, 0, 
kim[m], 0, 0, 1, 1, 
kim[m], 1, 0, 0, 0, 
kim[m], 0, 0, 1, 0, 
kim[m], 1, 0, 0, 0, 
kim[m], 0, 0, 0, 0, 
kim[m], 0, 0, 1, 0, 
kim[m], 1, 0, 0, 1, 
kim[m], 0, 0, 1, 0, 
kim[m], 1, 0, 0, 0, 
kim[m], 0, 0, 0, 0, 
kim[m], 1, 0, 1, 0, 
kim[m], 0, 0, 0, 0, 
kim[m], 1, 0, 1, 1, 
kim[m], 0, 0, 0, 0, 
kim[m], 1, 0, 0, 0, 
kim[m], 0, 0, 1, 0, 
kim[m], 0, 0, 0, 0, 
kim[m], 1, 0, 1, 1, 
kim[m], 0, 0, 0, 0, 
kim[m], 1, 0, 0, 0, 
kim[m], 0, 0, 1, 0, 
kim[m], 1, 0, 0, 0, 
kim[m], 0, 0, 1, 0, 
kim[m], 1, 0, 0, 1, 
kim[m], 0, 0, 0, 0, 
kim[m], 1, 0, 1, 0, 
kim[m], 0, 0, 0, 0, 
kim[m], 0, 0, 1, 0, 
kim[m], 1, 0, 0, 0, 
kim[m], 0, 0, 0, 1, 
kim[m], 1, 0, 1, 0, 
kim[m], 0, 0, 0, 0, 
kim[m], 1, 0, 1, 0, 
kim[m], 0, 0, 0, 0, 
kim[m], 1, 0, 0, 0, 
kim[m], 0, 0, 1, 1, 
kim[m], 1, 0, 0, 0, 
kim[m], 0, 0, 1, 0, 
kim[m], 0, 0, 0, 0, 
kim[m], 1, 0, 0, 0, 
kim[m], 0, 0, 1, 1, 
kim[m], 1, 0, 0, 0, 
kim[m], 0, 0, 1, 0, 
kim[m], 1, 0, 0, 0, 
kim[m], 0, 0, 0, 0, 
kim[m], 1, 0, 1, 0, 
kim[m], 0, 0, 0, 1, 
kim[m], 1, 0, 1, 0, 
kim[m], 0, 0, 0, 0, 
kim[m], 0, 0, 0, 0, 
kim[m], 1, 0, 1, 0, 
kim[m], 0, 0, 0, 0, 
kim[m], 1, 0, 1, 1, 
kim[m], 0, 0, 0, 0, 
kim[m], 1, 0, 0, 0, 
kim[m], 0, 0, 1, 0, 
kim[m], 1, 0, 0, 0, 
kim[m], 0, 0, 1, 0, 
kim[m], 1, 0, 0, 1, 
kim[m], 0, 0, 0, 0, 
kim[m], 1, 0, 1, 0, 
kim[m], 0, 0, 0, 0, 
kim[m], 0, 0, 1, 0, 
kim[m], 1, 0, 0, 1, 
kim[m], 0, 0, 0, 0, 
kim[m], 1, 0, 1, 0, 
kim[m], 0, 0, 0, 0, 
kim[m], 1, 0, 1, 0, 
kim[m], 0, 0, 0, 0, 
kim[m], 1, 0, 0, 1, 
kim[m], 0, 0, 1, 0, 
kim[m], 1, 0, 0, 0, 
kim[m], 0, 0, 1, 0, 
kim[m], 0, 0, 0, 0, 
kim[m], 1, 0, 0, 0, 
kim[m], 0, 0, 1, 1, 
kim[m], 1, 0, 0, 0, 
kim[m], 0, 0, 1, 0, 
kim[m], 1, 0, 0, 0, 
kim[m], 0, 0, 0, 0, 
kim[m], 1, 0, 1, 0, 
kim[m], 0, 0, 0, 1, 
kim[m], 1, 0, 1, 0, 
kim[m], 0, 0, 0, 0, 
kim[m], 0, 0, 0, 0, 
kim[m], 1, 0, 1, 0, 
kim[m], 0, 0, 0, 1, 
kim[m], 1, 0, 1, 0, 
kim[m], 0, 0, 0, 0, 
kim[m], 1, 0, 0, 0, 
kim[m], 0, 0, 1, 0, 
kim[m], 1, 0, 0, 0, 
kim[m], 0, 0, 1, 1, 
kim[m], 1, 0, 0, 0, 
kim[m], 0, 0, 0, 0, 
kim[m], 0, 0, 1, 0, 
kim[m], 1, 0, 0, 0, 
kim[m], 0, 0, 0, 0, 
kim[m], 1, 0, 1, 1, 
kim[m], 0, 0, 0, 0, 
kim[m], 1, 0, 1, 0, 
kim[m], 0, 0, 0, 0, 
kim[m], 1, 0, 0, 0, 
kim[m], 0, 0, 1, 0, 
kim[m], 1, 0, 0, 1, 
kim[m], 0, 0, 1, 0, 
kim[m], 0, 0, 0, 0, 
kim[m], 1, 0, 0, 0, 
kim[m], 0, 0, 1, 0, 
kim[m], 1, 0, 0, 1, 
kim[m], 0, 0, 1, 0, 
kim[m], 1, 0, 0, 0, 
kim[m], 0, 0, 0, 0, 
kim[m], 1, 0, 1, 0, 
kim[m], 0, 0, 0, 0, 
kim[m], 1, 0, 1, 1, 
kim[m], 0, 0, 0, 0, 
kim[m], 0, 0, 0, 0, 
kim[m], 1, 0, 1, 0, 
kim[m], 0, 0, 0, 0, 
kim[m], 1, 0, 1, 0, 
kim[m], 0, 0, 0, 1, 
kim[m], 1, 0, 0, 0, 
kim[m], 0, 0, 1, 0, 
kim[m], 1, 0, 0, 0, 
kim[m], 0, 0, 1, 0, 
kim[m], 1, 0, 0, 0, 
kim[m], 0, 0, 0, 1, 
kim[m], 0, 0, 1, 0, 
kim[m], 1, 0, 0, 0, 
kim[m], 0, 0, 1, 0, 
kim[m], 1, 0, 0, 0, 
kim[m], 0, 0, 0, 0, 
kim[m], 1, 0, 1, 1, 
kim[m], 0, 0, 0, 0, 
kim[m], 1, 0, 1, 0, 
kim[m], 0, 0, 0, 0, 
kim[m], 1, 0, 0, 0, 
kim[m], 0, 0, 1, 1, 
kim[m], 0, 0, 0, 0, 
kim[m], 1, 0, 1, 0, 
kim[m], 0, 0, 0, 0, 
kim[m], 1, 0, 0, 0, 
kim[m], 0, 0, 1, 0, 
kim[m], 1, 0, 0, 1, 
kim[m], 0, 0, 1, 0, 
kim[m], 1, 0, 0, 0, 
kim[m], 0, 0, 0, 0, 
kim[m], 1, 0, 1, 0, 
kim[m], 0, 0, 0, 0, 
kim[m], 0, 0, 1, 1, 
kim[m], 1, 0, 0, 0, 
kim[m], 0, 0, 0, 0, 
kim[m], 1, 0, 1, 0, 
kim[m], 0, 0, 0, 0, 
kim[m], 1, 0, 1, 0, 
kim[m], 0, 0, 0, 1, 
kim[m], 1, 0, 0, 0, 
kim[m], 0, 0, 1, 0, 
kim[m], 1, 0, 0, 0, 
kim[m], 0, 0, 1, 0, 
kim[m], 0, 0, 0, 1, 
kim[m], 1, 0, 0, 0, 
kim[m], 0, 0, 1, 0, 
kim[m], 1, 0, 0, 0, 
kim[m], 0, 0, 1, 0, 
kim[m], 1, 0, 0, 0, 
kim[m], 0, 0, 0, 1, 
kim[m], 1, 0, 1, 0, 
kim[m], 0, 0, 0, 0, 
kim[m], 1, 0, 1, 0, 
kim[m], 0, 0, 0, 0, 
kim[m], 0, 0, 0, 0, 
kim[m], 1, 0, 1, 1, 
kim[m], 0, 0, 0, 0, 
kim[m], 1, 0, 1, 0, 
kim[m], 0, 0, 0, 0, 
kim[m], 1, 0, 0, 0, 
kim[m], 0, 0, 1, 0, 
kim[m], 1, 0, 0, 1, 
kim[m], 0, 0, 1, 0, 
kim[m], 1, 0, 0, 0, 
kim[m], 0, 0, 0, 0, 
kim[m], 0, 0, 1, 0, 
kim[m], 1, 0, 0, 1, 
kim[m], 0, 0, 1, 0, 
kim[m], 1, 0, 0, 0, 
kim[m], 0, 0, 0, 0, 
kim[m], 1, 0, 1, 0, 
kim[m], 0, 0, 0, 0, 
kim[m], 1, 0, 1, 1, 
kim[m], 0, 0, 0, 0, 
kim[m], 1, 0, 0, 0, 
kim[m], 0, 0, 1, 0, 
kim[m], 0, 0, 0, 0, 
kim[m], 1, 0, 1, 0, 
kim[m], 0, 0, 0, 1, 
kim[m], 1, 0, 0, 0, 
kim[m], 0, 0, 1, 0, 
kim[m], 1, 0, 0, 0, 
kim[m], 0, 0, 1, 0, 
kim[m], 1, 0, 0, 0, 
kim[m], 0, 0, 0, 1, 
kim[m], 1, 0, 1, 0, 
kim[m], 0, 0, 0, 0, 
kim[m], 0, 0, 1, 0, 
kim[m], 1, 0, 0, 0, 
kim[m], 0, 0, 0, 1, 
kim[m], 1, 0, 1, 0, 
kim[m], 0, 0, 0, 0, 
kim[m], 1, 0, 1, 0, 
kim[m], 0, 0, 0, 0, 
kim[m], 1, 0, 0, 0, 
kim[m], 0, 0, 1, 1, 
kim[m], 1, 0, 0, 0, 
kim[m], 0, 0, 1, 0, 
kim[m], 0, 0, 0, 0, 
kim[m], 1, 0, 0, 0, 
kim[m], 0, 0, 1, 0, 
kim[m], 1, 0, 0, 1, 
kim[m], 0, 0, 1, 0, 
kim[m], 1, 0, 0, 0, 
kim[m], 0, 0, 0, 0, 
kim[m], 1, 0, 1, 0, 
kim[m], 0, 0, 0, 0, 
kim[m], 1, 0, 1, 1, 
kim[m], 0, 0, 0, 0, 
kim[m], 0, 0, 0, 0, 
kim[m], 1, 0, 1, 0, 
kim[m], 0, 0, 0, 0, 
kim[m], 1, 0, 1, 1, 
kim[m], 0, 0, 0, 0, 
kim[m], 1, 0, 0, 0, 
kim[m], 0, 0, 1, 0, 
kim[m], 1, 0, 0, 0, 
kim[m], 0, 0, 1, 0, 
kim[m], 1, 0, 0, 1, 
kim[m], 0, 0, 0, 0, 
kim[m], 0, 0, 1, 0, 
kim[m], 1, 0, 0, 0, 
kim[m], 0, 0, 1, 0, 
kim[m], 1, 0, 0, 0, 
kim[m], 0, 0, 0, 1, 
kim[m], 1, 0, 1, 0, 
kim[m], 0, 0, 0, 0, 
kim[m], 1, 0, 1, 0, 
kim[m], 0, 0, 0, 0, 
kim[m], 1, 0, 0, 0, 
kim[m], 0, 0, 1, 1, 
kim[m], 1, 0, 0, 0, 
kim[m], 0, 0, 1, 0, 
kim[m], 0, 0, 0, 0, 
kim[m], 1, 0, 0, 0, 
kim[m], 0, 0, 1, 1, 
kim[m], 1, 0, 0, 0, 
kim[m], 0, 0, 1, 0, 
kim[m], 1, 0, 0, 0, 
kim[m], 0, 0, 0, 0, 
kim[m], 1, 0, 1, 0, 
kim[m], 0, 0, 0, 1, 
kim[m], 1, 0, 1, 0, 
kim[m], 0, 0, 0, 0, 
kim[m], 0, 0, 0, 0, 
kim[m], 1, 0, 1, 0, 
kim[m], 0, 0, 0, 0, 
kim[m], 1, 0, 1, 1, 
kim[m], 0, 0, 0, 0, 
kim[m], 1, 0, 0, 0, 
kim[m], 0, 0, 1, 0, 
kim[m], 1, 0, 0, 0, 
kim[m], 0, 0, 1, 0, 
kim[m], 1, 0, 0, 1, 
kim[m], 0, 0, 0, 0, 
kim[m], 0, 0, 1, 0, 
kim[m], 1, 0, 0, 0, 
kim[m], 0, 0, 1, 0, 
kim[m], 1, 0, 0, 1, 
kim[m], 0, 0, 0, 0, 
kim[m], 1, 0, 1, 0, 
kim[m], 0, 0, 0, 0, 
kim[m], 1, 0, 1, 0, 
kim[m], 0, 0, 0, 0, 
kim[m], 1, 0, 0, 1, 
kim[m], 0, 0, 1, 0, 
kim[m], 0, 0, 0, 0, 
kim[m], 1, 0, 1, 0, 
kim[m], 0, 0, 0, 0, 
kim[m], 1, 0, 0, 0, 
kim[m], 0, 0, 1, 1, 
kim[m], 1, 0, 0, 0, 
kim[m], 0, 0, 1, 0, 
kim[m], 1, 0, 0, 0, 
kim[m], 0, 0, 0, 0, 
kim[m], 1, 0, 1, 0, 
kim[m], 0, 0, 0, 1, 
kim[m], 0, 0, 0, 0, 
kim[m], 1, 0, 1, 0, 
kim[m], 0, 0, 0, 0, 
kim[m], 1, 0, 1, 0, 
kim[m], 0, 0, 0, 1, 
kim[m], 1, 0, 0, 0, 
kim[m], 0, 0, 1, 0, 
kim[m], 1, 0, 0, 0, 
kim[m], 0, 0, 1, 0, 
kim[m], 1, 0, 0, 0, 
kim[m], 0, 0, 0, 1, 
kim[m], 0, 0, 1, 0, 
kim[m], 1, 0, 0, 0, 
kim[m], 0, 0, 1, 0, 
kim[m], 1, 0, 0, 0, 
kim[m], 0, 0, 0, 0, 
kim[m], 1, 0, 1, 1, 
kim[m], 0, 0, 0, 0, 
kim[m], 1, 0, 1, 0, 
kim[m], 0, 0, 0, 0, 
kim[m], 1, 0, 0, 0, 
kim[m], 0, 0, 1, 0, 
kim[m], 0, 0, 0, 1, 
kim[m], 1, 0, 1, 0, 
kim[m], 0, 0, 0, 0, 
kim[m], 1, 0, 0, 0, 
kim[m], 0, 0, 1, 0, 
kim[m], 1, 0, 0, 1, 
kim[m], 0, 0, 1, 0, 
kim[m], 1, 0, 0, 0, 
kim[m], 0, 0, 0, 0, 
kim[m], 1, 0, 1, 0, 
kim[m], 0, 0, 0, 0, 
kim[m], 0, 0, 1, 1, 
kim[m], 1, 0, 0, 0, 
kim[m], 0, 0, 0, 0, 
kim[m], 1, 0, 1, 0, 
kim[m], 0, 0, 0, 0, 
kim[m], 1, 0, 1, 0, 
kim[m], 0, 0, 0, 1, 
kim[m], 1, 0, 0, 0, 
kim[m], 0, 0, 1, 0, 
kim[m], 1, 0, 0, 0, 
kim[m], 0, 0, 1, 0, 
kim[m], 0, 0, 0, 0, 
kim[m], 1, 0, 0, 1, 
kim[m], 0, 0, 1, 0, 
kim[m], 1, 0, 0, 0, 
kim[m], 0, 0, 1, 0, 
kim[m], 1, 0, 0, 0, 
kim[m], 0, 0, 0, 1, 
kim[m], 1, 0, 1, 0, 
kim[m], 0, 0, 0, 0, 
kim[m], 1, 0, 1, 0, 
kim[m], 0, 0, 0, 0, 
kim[m], 0, 0, 0, 0, 
kim[m], 1, 0, 1, 1, 
kim[m], 0, 0, 0, 0, 
kim[m], 1, 0, 1, 0, 
kim[m], 0, 0, 0, 0, 
kim[m], 1, 0, 0, 0, 
kim[m], 0, 0, 1, 0, 
kim[m], 1, 0, 0, 1, 
kim[m], 0, 0, 1, 0, 
kim[m], 1, 0, 0, 0, 
kim[m], 0, 0, 0, 0, 
kim[m], 0, 0, 1, 0, 
kim[m], 1, 0, 0, 0, 
kim[m], 0, 0, 1, 1, 
kim[m], 1, 0, 0, 0, 
kim[m], 0, 0, 0, 0, 
kim[m], 1, 0, 1, 0, 
kim[m], 0, 0, 0, 0, 
kim[m], 1, 0, 1, 1, 
kim[m], 0, 0, 0, 0, 
kim[m], 1, 0, 0, 0, 
kim[m], 0, 0, 1, 0, 
kim[m], 0, 0, 0, 0, 
kim[m], 1, 0, 1, 0, 
kim[m], 0, 0, 0, 1, 
kim[m], 1, 0, 0, 0, 
kim[m], 0, 0, 1, 0, 
kim[m], 1, 0, 0, 0, 
kim[m], 0, 0, 1, 0, 
kim[m], 1, 0, 0, 0, 
kim[m], 0, 0, 0, 1, 
kim[m], 1, 0, 1, 0, 
kim[m], 0, 0, 0, 0, 
kim[m], 0, 0, 1, 0, 
kim[m], 1, 0, 0, 0, 
kim[m], 0, 0, 0, 0, 
kim[m], 1, 0, 1, 1, 
kim[m], 0, 0, 0, 0, 
kim[m], 1, 0, 1, 0, 
kim[m], 0, 0, 0, 0, 
kim[m], 1, 0, 0, 0, 
kim[m], 0, 0, 1, 1, 
kim[m], 1, 0, 0, 0, 
kim[m], 0, 0, 1, 0, 
kim[m], 0, 0, 0, 0, 
kim[m], 1, 0, 0, 0, 
kim[m], 0, 0, 1, 0, 
kim[m], 1, 0, 0, 1, 
kim[m], 0, 0, 1, 0, 
kim[m], 1, 0, 0, 0, 
kim[m], 0, 0, 0, 0, 
kim[m], 1, 0, 1, 0, 
kim[m], 0, 0, 0, 0, 
kim[m], 1, 0, 1, 1, 
kim[m], 0, 0, 0, 0, 
ap,nan,nan,nan,nan,nan,nan,nan,nan,nan,nan,nan,nan,nan,nan,nan,nan,nan,nan,nan,nan,nan,nan,nan,nan,nan,nan,nan,nan,nan,nan,nan,nan,nan,nan,nan,nan,nan,nan,nan,nan,nan,nan,nan,nan,nan,nan,nan,nan,nan,nan,nan,nan,nan,nan,nan,nan,nan,nan,nan,nan,nan,nan,nan,nan,nan,nan,nan,nan,nan,nan,nan,nan,nan,nan,nan,nan,nan,nan,nan,nan,nan,nan,nan,nan,nan,nan,nan,nan,nan,nan,nan,nan,nan,nan,nan,nan,nan,nan,nan,nan,nan,nan,nan,nan,nan,nan,nan,nan,nan,nan,nan,nan,nan,nan,nan,nan,nan,nan,nan,nan,nan,nan,nan,nan,nan,nan,nan,nan,nan,nan,nan,nan,nan,nan,nan,nan,nan,nan,nan,nan,nan,nan,nan,nan,nan,nan,nan,nan,nan,nan,nan,nan,nan,nan,nan,nan,nan,nan,nan,nan,nan,nan,nan,nan,nan,nan,nan,nan,nan,nan,nan,nan,nan,nan,nan,nan,nan,nan,nan,nan,nan,nan,nan,nan,nan,nan,nan,nan,nan,nan,nan,nan,nan,nan,nan,nan,nan,nan,nan,nan,nan,nan,nan,nan,nan,nan,nan,nan,nan,nan,nan,nan,nan,nan,nan,nan,nan,nan,nan,nan,nan,nan,nan,nan,nan,nan,nan,nan,nan,nan,nan,nan,nan,nan,nan,nan,nan,nan,nan,nan,nan,nan,nan,nan,nan,nan,nan,nan,nan,nan,nan,nan,nan,nan,nan,nan,nan,nan,nan,nan,nan,nan,nan,nan,nan,nan,nan,nan,nan,nan,nan,nan,nan,nan,nan,nan,nan,nan,nan,nan,nan,nan,nan,nan,nan,nan,nan,nan,nan,nan,nan,nan,nan,nan,nan,nan,nan,nan,nan,nan,nan,nan,nan,nan,nan,nan,nan,nan,nan,nan,nan,nan,nan,nan,nan,nan,nan,nan,nan,nan,nan,nan,nan,nan,nan,nan,nan,nan,nan,nan,nan,nan,nan,nan,nan,nan,nan,nan,nan,nan,nan,nan,nan,nan,nan,nan,nan,nan,nan,nan,nan,nan,nan,nan,nan,nan,nan,nan,nan,nan,nan,nan,nan,nan,nan,nan,nan,nan,nan,nan,nan,nan,nan,nan,nan,nan,nan,nan,nan,nan,nan,nan,nan,nan,nan,nan,nan,nan,nan,nan,nan,nan,nan,nan,nan,nan,nan,nan,nan,nan,nan,nan,nan,nan,nan,nan,nan,nan,nan,nan,nan,nan,nan,nan,nan,nan,nan,nan,nan,nan,nan,nan,nan,nan,nan,nan,nan,nan,nan,nan,nan,nan,nan,nan,nan,nan,nan,nan,nan,nan,nan,nan,nan,nan,nan,nan,nan,nan,nan,nan,nan,nan,nan,nan,nan,nan,
kim[m], 0, 0, 0, 0, 
kim[m], 1, 0, 1, 0, 
kim[m], 0, 0, 0, 1, 
kim[m], 1, 0, 1, 0, 
kim[m], 0, 0, 0, 0, 
kim[m], 1, 0, 0, 0, 
kim[m], 0, 0, 1, 0, 
kim[m], 1, 0, 0, 0, 
kim[m], 0, 0, 1, 1, 
kim[m], 1, 0, 0, 0, 
kim[m], 0, 0, 0, 0, 
kim[m], 0, 0, 1, 0, 
kim[m], 1, 0, 0, 0, 
kim[m], 0, 0, 1, 0, 
kim[m], 1, 0, 0, 1, 
kim[m], 0, 0, 0, 0, 
kim[m], 1, 0, 1, 0, 
kim[m], 0, 0, 0, 0, 
kim[m], 1, 0, 1, 0, 
kim[m], 0, 0, 0, 0, 
kim[m], 1, 0, 0, 1, 
kim[m], 0, 0, 1, 0, 
kim[m], 0, 0, 0, 0, 
kim[m], 1, 0, 1, 0, 
kim[m], 0, 0, 0, 0, 
kim[m], 1, 0, 0, 1, 
kim[m], 0, 0, 1, 0, 
kim[m], 1, 0, 0, 0, 
kim[m], 0, 0, 1, 0, 
kim[m], 1, 0, 0, 0, 
kim[m], 0, 0, 0, 0, 
kim[m], 1, 0, 1, 1, 
kim[m], 0, 0, 0, 0, 
kim[m], 0, 0, 1, 0, 
kim[m], 1, 0, 0, 0, 
kim[m], 0, 0, 0, 0, 
kim[m], 1, 0, 1, 0, 
kim[m], 0, 0, 0, 1, 
kim[m], 1, 0, 1, 0, 
kim[m], 0, 0, 0, 0, 
kim[m], 1, 0, 0, 0, 
kim[m], 0, 0, 1, 0, 
kim[m], 1, 0, 0, 0, 
kim[m], 0, 0, 1, 1, 
kim[m], 0, 0, 0, 0, 
kim[m], 1, 0, 0, 0, 
kim[m], 0, 0, 1, 0, 
kim[m], 1, 0, 0, 0, 
kim[m], 0, 0, 1, 1, 
kim[m], 1, 0, 0, 0, 
kim[m], 0, 0, 0, 0, 
kim[m], 1, 0, 1, 0, 
kim[m], 0, 0, 0, 0, 
kim[m], 1, 0, 1, 0, 
kim[m], 0, 0, 0, 1, 
kim[m], 0, 0, 0, 0, 
kim[m], 1, 0, 1, 0, 
kim[m], 0, 0, 0, 0, 
kim[m], 1, 0, 1, 0, 
kim[m], 0, 0, 0, 0, 
kim[m], 1, 0, 0, 1, 
kim[m], 0, 0, 1, 0, 
kim[m], 1, 0, 0, 0, 
kim[m], 0, 0, 1, 0, 
kim[m], 1, 0, 0, 0, 
kim[m], 0, 0, 0, 0, 
kim[m], 0, 0, 1, 1, 
kim[m], 1, 0, 0, 0, 
kim[m], 0, 0, 1, 0, 
kim[m], 1, 0, 0, 0, 
kim[m], 0, 0, 0, 0, 
kim[m], 1, 0, 1, 1, 
kim[m], 0, 0, 0, 0, 
kim[m], 1, 0, 1, 0, 
kim[m], 0, 0, 0, 0, 
kim[m], 1, 0, 0, 0, 
kim[m], 0, 0, 1, 0, 
kim[m], 0, 0, 0, 1, 
kim[m], 1, 0, 1, 0, 
kim[m], 0, 0, 0, 0, 
kim[m], 1, 0, 0, 0, 
kim[m], 0, 0, 1, 0, 
kim[m], 1, 0, 0, 0, 
kim[m], 0, 0, 0, 1, 
kim[m], 1, 0, 1, 0, 
kim[m], 0, 0, 0, 0, 
kim[m], 1, 0, 1, 0, 
kim[m], 0, 0, 0, 0, 
kim[m], 0, 0, 0, 0, 
kim[m], 1, 0, 1, 1, 
kim[m], 0, 0, 0, 0, 
kim[m], 1, 0, 1, 0, 
kim[m], 0, 0, 0, 0, 
kim[m], 1, 0, 0, 0, 
kim[m], 0, 0, 1, 0, 
kim[m], 1, 0, 0, 1, 
kim[m], 0, 0, 1, 0, 
kim[m], 1, 0, 0, 0, 
kim[m], 0, 0, 0, 0, 
kim[m], 0, 0, 1, 0, 
kim[m], 1, 0, 0, 1, 
kim[m], 0, 0, 1, 0, 
kim[m], 1, 0, 0, 0, 
kim[m], 0, 0, 0, 0, 
kim[m], 1, 0, 1, 0, 
kim[m], 0, 0, 0, 0, 
kim[m], 1, 0, 1, 1, 
kim[m], 0, 0, 0, 0, 
kim[m], 1, 0, 0, 0, 
kim[m], 0, 0, 1, 0, 
kim[m], 0, 0, 0, 0, 
kim[m], 1, 0, 1, 0, 
kim[m], 0, 0, 0, 1, 
kim[m], 1, 0, 0, 0, 
kim[m], 0, 0, 1, 0, 
kim[m], 1, 0, 0, 0, 
kim[m], 0, 0, 1, 0, 
kim[m], 1, 0, 0, 0, 
kim[m], 0, 0, 0, 1, 
kim[m], 1, 0, 1, 0, 
kim[m], 0, 0, 0, 0, 
kim[m], 0, 0, 1, 0, 
kim[m], 1, 0, 0, 0, 
kim[m], 0, 0, 0, 1, 
kim[m], 1, 0, 1, 0, 
kim[m], 0, 0, 0, 0, 
kim[m], 1, 0, 1, 0, 
kim[m], 0, 0, 0, 0, 
kim[m], 1, 0, 0, 0, 
kim[m], 0, 0, 1, 1, 
kim[m], 1, 0, 0, 0, 
kim[m], 0, 0, 1, 0, 
kim[m], 0, 0, 0, 0, 
kim[m], 1, 0, 0, 0, 
kim[m], 0, 0, 1, 0, 
kim[m], 1, 0, 0, 1, 
kim[m], 0, 0, 1, 0, 
kim[m], 1, 0, 0, 0, 
kim[m], 0, 0, 0, 0, 
kim[m], 1, 0, 1, 0, 
kim[m], 0, 0, 0, 0, 
kim[m], 1, 0, 1, 1, 
kim[m], 0, 0, 0, 0, 
kim[m], 0, 0, 0, 0, 
kim[m], 1, 0, 1, 0, 
kim[m], 0, 0, 0, 0, 
kim[m], 1, 0, 1, 1, 
kim[m], 0, 0, 0, 0, 
kim[m], 1, 0, 0, 0, 
kim[m], 0, 0, 1, 0, 
kim[m], 1, 0, 0, 0, 
kim[m], 0, 0, 1, 0, 
kim[m], 1, 0, 0, 1, 
kim[m], 0, 0, 0, 0, 
kim[m], 0, 0, 1, 0, 
kim[m], 1, 0, 0, 0, 
kim[m], 0, 0, 1, 0, 
kim[m], 1, 0, 0, 0, 
kim[m], 0, 0, 0, 1, 
kim[m], 1, 0, 1, 0, 
kim[m], 0, 0, 0, 0, 
kim[m], 1, 0, 1, 0, 
kim[m], 0, 0, 0, 0, 
kim[m], 1, 0, 0, 0, 
kim[m], 0, 0, 1, 1, 
kim[m], 0, 0, 0, 0, 
kim[m], 1, 0, 1, 0, 
kim[m], 0, 0, 0, 0, 
kim[m], 1, 0, 0, 0, 
kim[m], 0, 0, 1, 1, 
kim[m], 1, 0, 0, 0, 
kim[m], 0, 0, 1, 0, 
kim[m], 1, 0, 0, 0, 
kim[m], 0, 0, 0, 0, 
kim[m], 1, 0, 1, 0, 
kim[m], 0, 0, 0, 1, 
kim[m], 1, 0, 1, 0, 
kim[m], 0, 0, 0, 0, 
kim[m], 0, 0, 0, 0, 
kim[m], 1, 0, 1, 0, 
kim[m], 0, 0, 0, 0, 
kim[m], 1, 0, 1, 1, 
kim[m], 0, 0, 0, 0, 
kim[m], 1, 0, 0, 0, 
kim[m], 0, 0, 1, 0, 
kim[m], 1, 0, 0, 0, 
kim[m], 0, 0, 1, 0, 
kim[m], 1, 0, 0, 1, 
kim[m], 0, 0, 0, 0, 
kim[m], 0, 0, 1, 0, 
kim[m], 1, 0, 0, 0, 
kim[m], 0, 0, 1, 0, 
kim[m], 1, 0, 0, 1, 
kim[m], 0, 0, 0, 0, 
kim[m], 1, 0, 1, 0, 
kim[m], 0, 0, 0, 0, 
kim[m], 1, 0, 1, 0, 
kim[m], 0, 0, 0, 0, 
kim[m], 1, 0, 0, 1, 
kim[m], 0, 0, 1, 0, 
kim[m], 0, 0, 0, 0, 
kim[m], 1, 0, 1, 0, 
kim[m], 0, 0, 0, 0, 
kim[m], 1, 0, 0, 0, 
kim[m], 0, 0, 1, 1, 
kim[m], 1, 0, 0, 0, 
kim[m], 0, 0, 1, 0, 
kim[m], 1, 0, 0, 0, 
kim[m], 0, 0, 0, 0, 
kim[m], 1, 0, 1, 0, 
kim[m], 0, 0, 0, 1, 
kim[m], 0, 0, 1, 0, 
kim[m], 1, 0, 0, 0, 
kim[m], 0, 0, 0, 0, 
kim[m], 1, 0, 1, 0, 
kim[m], 0, 0, 0, 1, 
kim[m], 1, 0, 1, 0, 
kim[m], 0, 0, 0, 0, 
kim[m], 1, 0, 0, 0, 
kim[m], 0, 0, 1, 0, 
kim[m], 1, 0, 0, 0, 
kim[m], 0, 0, 1, 1, 
kim[m], 0, 0, 0, 0, 
kim[m], 1, 0, 0, 0, 
kim[m], 0, 0, 1, 0, 
kim[m], 1, 0, 0, 0, 
kim[m], 0, 0, 1, 0, 
kim[m], 1, 0, 0, 1, 
kim[m], 0, 0, 0, 0, 
kim[m], 1, 0, 1, 0, 
kim[m], 0, 0, 0, 0, 
kim[m], 1, 0, 1, 0, 
kim[m], 0, 0, 0, 0, 
kim[m], 0, 0, 0, 1, 
kim[m], 1, 0, 1, 0, 
kim[m], 0, 0, 0, 0, 
kim[m], 1, 0, 1, 0, 
kim[m], 0, 0, 0, 0, 
kim[m], 1, 0, 0, 1, 
kim[m], 0, 0, 1, 0, 
kim[m], 1, 0, 0, 0, 
kim[m], 0, 0, 1, 0, 
kim[m], 1, 0, 0, 0, 
kim[m], 0, 0, 0, 0, 
kim[m], 0, 0, 1, 1, 
kim[m], 1, 0, 0, 0, 
kim[m], 0, 0, 1, 0, 
kim[m], 1, 0, 0, 0, 
kim[m], 0, 0, 0, 0, 
kim[m], 1, 0, 1, 0, 
kim[m], 0, 0, 0, 1, 
kim[m], 1, 0, 0, 0, 
kim[m], 0, 0, 1, 0, 
kim[m], 1, 0, 0, 0, 
kim[m], 0, 0, 1, 0, 
kim[m], 0, 0, 0, 0, 
kim[m], 1, 0, 0, 1, 
kim[m], 0, 0, 1, 0, 
kim[m], 1, 0, 0, 0, 
kim[m], 0, 0, 1, 0, 
kim[m], 1, 0, 0, 0, 
kim[m], 0, 0, 0, 0, 
kim[m], 1, 0, 1, 1, 
kim[m], 0, 0, 0, 0, 
kim[m], 1, 0, 1, 0, 
kim[m], 0, 0, 0, 0, 
kim[m], 0, 0, 0, 0, 
kim[m], 1, 0, 1, 1, 
kim[m], 0, 0, 0, 0, 
kim[m], 1, 0, 1, 0, 
kim[m], 0, 0, 0, 0, 
kim[m], 1, 0, 0, 0, 
kim[m], 0, 0, 1, 0, 
kim[m], 1, 0, 0, 1, 
kim[m], 0, 0, 1, 0, 
kim[m], 1, 0, 0, 0, 
kim[m], 0, 0, 0, 0, 
kim[m], 0, 0, 1, 0, 
kim[m], 1, 0, 0, 0, 
kim[m], 0, 0, 1, 1, 
kim[m], 1, 0, 0, 0, 
kim[m], 0, 0, 0, 0, 
kim[m], 1, 0, 1, 0, 
kim[m], 0, 0, 0, 0, 
kim[m], 1, 0, 1, 0, 
kim[m], 0, 0, 0, 1, 
kim[m], 1, 0, 0, 0, 
kim[m], 0, 0, 1, 0, 
kim[m], 0, 0, 0, 0, 
kim[m], 1, 0, 1, 0, 
kim[m], 0, 0, 0, 1, 
kim[m], 1, 0, 0, 0, 
kim[m], 0, 0, 1, 0, 
kim[m], 1, 0, 0, 0, 
kim[m], 0, 0, 1, 0, 
kim[m], 1, 0, 0, 0, 
kim[m], 0, 0, 0, 1, 
kim[m], 1, 0, 1, 0, 
kim[m], 0, 0, 0, 0, 
kim[m], 0, 0, 1, 0, 
kim[m], 1, 0, 0, 0, 
kim[m], 0, 0, 0, 0, 
kim[m], 1, 0, 1, 1, 
kim[m], 0, 0, 0, 0, 
kim[m], 1, 0, 1, 0, 
kim[m], 0, 0, 0, 0, 
kim[m], 1, 0, 0, 0, 
kim[m], 0, 0, 1, 0, 
kim[m], 1, 0, 0, 1, 
kim[m], 0, 0, 1, 0, 
kim[m], 0, 0, 0, 0, 
kim[m], 1, 0, 0, 0, 
kim[m], 0, 0, 1, 0, 
kim[m], 1, 0, 0, 1, 
kim[m], 0, 0, 1, 0, 
kim[m], 1, 0, 0, 0, 
kim[m], 0, 0, 0, 0, 
kim[m], 1, 0, 1, 0, 
kim[m], 0, 0, 0, 0, 
kim[m], 1, 0, 1, 1, 
kim[m], 0, 0, 0, 0, 
kim[m], 0, 0, 0, 0, 
kim[m], 1, 0, 1, 0, 
kim[m], 0, 0, 0, 0, 
kim[m], 1, 0, 1, 0, 
kim[m], 0, 0, 0, 1, 
kim[m], 1, 0, 0, 0, 
kim[m], 0, 0, 1, 0, 
kim[m], 1, 0, 0, 0, 
kim[m], 0, 0, 1, 0, 
kim[m], 1, 0, 0, 0, 
kim[m], 0, 0, 0, 1, 
kim[m], 0, 0, 1, 0, 
kim[m], 1, 0, 0, 0, 
kim[m], 0, 0, 1, 0, 
kim[m], 1, 0, 0, 0, 
kim[m], 0, 0, 0, 1, 
kim[m], 1, 0, 1, 0, 
kim[m], 0, 0, 0, 0, 
kim[m], 1, 0, 1, 0, 
kim[m], 0, 0, 0, 0, 
kim[m], 1, 0, 0, 0, 
kim[m], 0, 0, 1, 1, 
kim[m], 0, 0, 0, 0, 
kim[m], 1, 0, 1, 0, 
kim[m], 0, 0, 0, 0, 
kim[m], 1, 0, 0, 0, 
kim[m], 0, 0, 1, 0, 
kim[m], 1, 0, 0, 1, 
kim[m], 0, 0, 1, 0, 
kim[m], 1, 0, 0, 0, 
kim[m], 0, 0, 0, 0, 
kim[m], 1, 0, 1, 0, 
kim[m], 0, 0, 0, 0, 
kim[m], 0, 0, 1, 1, 
kim[m], 1, 0, 0, 0, 
kim[m], 0, 0, 0, 0, 
kim[m], 1, 0, 1, 0, 
kim[m], 0, 0, 0, 0, 
kim[m], 1, 0, 1, 1, 
kim[m], 0, 0, 0, 0, 
kim[m], 1, 0, 0, 0, 
kim[m], 0, 0, 1, 0, 
kim[m], 1, 0, 0, 0, 
kim[m], 0, 0, 1, 0, 
kim[m], 0, 0, 0, 1, 
kim[m], 1, 0, 0, 0, 
kim[m], 0, 0, 1, 0, 
kim[m], 1, 0, 0, 0, 
kim[m], 0, 0, 1, 0, 
kim[m], 1, 0, 0, 0, 
kim[m], 0, 0, 0, 1, 
kim[m], 1, 0, 1, 0, 
kim[m], 0, 0, 0, 0, 
kim[m], 1, 0, 1, 0, 
kim[m], 0, 0, 0, 0, 
kim[m], 0, 0, 0, 0, 
kim[m], 1, 0, 1, 1, 
kim[m], 0, 0, 0, 0, 
kim[m], 1, 0, 1, 0, 
kim[m], 0, 0, 0, 0, 
kim[m], 1, 0, 0, 0, 
kim[m], 0, 0, 1, 1, 
kim[m], 1, 0, 0, 0, 
kim[m], 0, 0, 1, 0, 
kim[m], 1, 0, 0, 0, 
kim[m], 0, 0, 0, 0, 
kim[m], 0, 0, 1, 0, 
kim[m], 1, 0, 0, 1, 
kim[m], 0, 0, 1, 0, 
kim[m], 1, 0, 0, 0, 
kim[m], 0, 0, 0, 0, 
kim[m], 1, 0, 1, 0, 
kim[m], 0, 0, 0, 0, 
kim[m], 1, 0, 1, 1, 
kim[m], 0, 0, 0, 0, 
kim[m], 1, 0, 0, 0, 
kim[m], 0, 0, 1, 0, 
kim[m], 0, 0, 0, 0, 
kim[m], 1, 0, 1, 0, 
kim[m], 0, 0, 0, 1, 
kim[m], 1, 0, 0, 0, 
kim[m], 0, 0, 1, 0, 
kim[m], 1, 0, 0, 0, 
kim[m], 0, 0, 1, 0, 
kim[m], 1, 0, 0, 1, 
kim[m], 0, 0, 0, 0, 
kim[m], 1, 0, 1, 0, 
kim[m], 0, 0, 0, 0, 
kim[m], 0, 0, 1, 0, 
kim[m], 1, 0, 0, 0, 
kim[m], 0, 0, 0, 1, 
kim[m], 1, 0, 1, 0, 
kim[m], 0, 0, 0, 0, 
kim[m], 1, 0, 1, 0, 
kim[m], 0, 0, 0, 0, 
kim[m], 1, 0, 0, 0, 
kim[m], 0, 0, 1, 1, 
kim[m], 1, 0, 0, 0, 
kim[m], 0, 0, 0, 0, 
kim[m], 0, 0, 1, 0, 
kim[m], 1, 0, 0, 0, 
kim[m], 0, 0, 1, 0, 
kim[m], 1, 0, 0, 1, 
kim[m], 0, 0, 0, 0, 
kim[m], 1, 0, 1, 0, 
kim[m], 0, 0, 0, 0, 
kim[m], 1, 0, 1, 0, 
kim[m], 0, 0, 0, 1, 
kim[m], 1, 0, 0, 0, 
kim[m], 0, 0, 1, 0, 
kim[m], 0, 0, 0, 0, 
kim[m], 1, 0, 1, 0, 
kim[m], 0, 0, 0, 0, 
kim[m], 1, 0, 0, 1, 
kim[m], 0, 0, 1, 0, 
kim[m], 1, 0, 0, 0, 
kim[m], 0, 0, 1, 0, 
kim[m], 1, 0, 0, 0, 
kim[m], 0, 0, 0, 0, 
kim[m], 1, 0, 1, 1, 
kim[m], 0, 0, 0, 0, 
kim[m], 0, 0, 1, 0, 
kim[m], 1, 0, 0, 0, 
kim[m], 0, 0, 0, 0, 
kim[m], 1, 0, 1, 0, 
kim[m], 0, 0, 0, 1, 
kim[m], 1, 0, 1, 0, 
kim[m], 0, 0, 0, 0, 
kim[m], 1, 0, 0, 0, 
kim[m], 0, 0, 1, 0, 
kim[m], 1, 0, 0, 0, 
kim[m], 0, 0, 1, 1, 
kim[m], 0, 0, 0, 0, 
kim[m], 1, 0, 0, 0, 
kim[m], 0, 0, 1, 0, 
kim[m], 1, 0, 0, 0, 
kim[m], 0, 0, 1, 1, 
kim[m], 1, 0, 0, 0, 
kim[m], 0, 0, 0, 0, 
kim[m], 1, 0, 1, 0, 
kim[m], 0, 0, 0, 0, 
kim[m], 1, 0, 1, 0, 
kim[m], 0, 0, 0, 1, 
kim[m], 0, 0, 0, 0, 
kim[m], 1, 0, 1, 0, 
kim[m], 0, 0, 0, 0, 
kim[m], 1, 0, 1, 0, 
kim[m], 0, 0, 0, 0, 
kim[m], 1, 0, 0, 1, 
kim[m], 0, 0, 1, 0, 
kim[m], 1, 0, 0, 0, 
kim[m], 0, 0, 1, 0, 
kim[m], 1, 0, 0, 0, 
kim[m], 0, 0, 0, 0, 
kim[m], 0, 0, 1, 1, 
kim[m], 1, 0, 0, 0, 
kim[m], 0, 0, 1, 0, 
kim[m], 1, 0, 0, 0, 
kim[m], 0, 0, 0, 0, 
kim[m], 1, 0, 1, 1, 
kim[m], 0, 0, 0, 0, 
kim[m], 1, 0, 1, 0, 
kim[m], 0, 0, 0, 0, 
kim[m], 1, 0, 0, 0, 
kim[m], 0, 0, 1, 0, 
kim[m], 0, 0, 0, 1, 
kim[m], 1, 0, 1, 0, 
kim[m], 0, 0, 0, 0, 
kim[m], 1, 0, 0, 0, 
kim[m], 0, 0, 1, 0, 
kim[m], 1, 0, 0, 0, 
kim[m], 0, 0, 1, 1, 
kim[m], 1, 0, 0, 0, 
kim[m], 0, 0, 0, 0, 
kim[m], 1, 0, 1, 0, 
kim[m], 0, 0, 0, 0, 
kim[m], 0, 0, 1, 0, 
kim[m], 1, 0, 0, 1, 
kim[m], 0, 0, 0, 0, 
kim[m], 1, 0, 1, 0, 
kim[m], 0, 0, 0, 0, 
kim[m], 1, 0, 1, 0, 
kim[m], 0, 0, 0, 1, 
kim[m], 1, 0, 0, 0, 
kim[m], 0, 0, 1, 0, 
kim[m], 1, 0, 0, 0, 
kim[m], 0, 0, 1, 0, 
kim[m], 0, 0, 0, 0, 
kim[m], 1, 0, 0, 1, 
kim[m], 0, 0, 1, 0, 
kim[m], 1, 0, 0, 0, 
kim[m], 0, 0, 1, 0, 
kim[m], 1, 0, 0, 0, 
kim[m], 0, 0, 0, 0, 
kim[m], 1, 0, 1, 1, 
kim[m], 0, 0, 0, 0, 
kim[m], 1, 0, 1, 0, 
kim[m], 0, 0, 0, 0, 
kim[m], 0, 0, 0, 0, 
kim[m], 1, 0, 1, 0, 
kim[m], 0, 0, 0, 1, 
kim[m], 1, 0, 1, 0, 
kim[m], 0, 0, 0, 0, 
kim[m], 1, 0, 0, 0, 
kim[m], 0, 0, 1, 0, 
kim[m], 1, 0, 0, 1, 
kim[m], 0, 0, 1, 0, 
kim[m], 1, 0, 0, 0, 
kim[m], 0, 0, 0, 0, 
kim[m], 1, 0, 1, 0, 
kim[m], 0, 0, 0, 0, 
kim[m], 0, 0, 1, 1, 
kim[m], 1, 0, 0, 0, 
kim[m], 0, 0, 0, 0, 
kim[m], 1, 0, 1, 0, 
kim[m], 0, 0, 0, 0, 
kim[m], 1, 0, 1, 0, 
kim[m], 0, 0, 0, 1, 
kim[m], 1, 0, 0, 0, 
kim[m], 0, 0, 1, 0, 
kim[m], 1, 0, 0, 0, 
kim[m], 0, 0, 1, 0, 
kim[m], 0, 0, 0, 0, 
kim[m], 1, 0, 0, 1, 
kim[m], 0, 0, 1, 0, 
kim[m], 1, 0, 0, 0, 
kim[m], 0, 0, 1, 0, 
kim[m], 1, 0, 0, 0, 
kim[m], 0, 0, 0, 1, 
kim[m], 1, 0, 1, 0, 
kim[m], 0, 0, 0, 0, 
kim[m], 1, 0, 1, 0, 
kim[m], 0, 0, 0, 0, 
kim[m], 0, 0, 0, 0, 
kim[m], 1, 0, 1, 1, 
kim[m], 0, 0, 0, 0, 
kim[m], 1, 0, 1, 0, 
kim[m], 0, 0, 0, 0, 
kim[m], 1, 0, 0, 0, 
kim[m], 0, 0, 1, 0, 
kim[m], 1, 0, 0, 1, 
kim[m], 0, 0, 1, 0, 
kim[m], 1, 0, 0, 0, 
kim[m], 0, 0, 0, 0, 
kim[m], 0, 0, 1, 0, 
kim[m], 1, 0, 0, 0, 
kim[m], 0, 0, 1, 1, 
kim[m], 1, 0, 0, 0, 
kim[m], 0, 0, 0, 0, 
kim[m], 1, 0, 1, 0, 
kim[m], 0, 0, 0, 0, 
kim[m], 1, 0, 1, 1, 
kim[m], 0, 0, 0, 0, 
kim[m], 1, 0, 0, 0, 
kim[m], 0, 0, 1, 0, 
kim[m], 0, 0, 0, 0, 
kim[m], 1, 0, 1, 0, 
kim[m], 0, 0, 0, 1, 
kim[m], 1, 0, 0, 0, 
kim[m], 0, 0, 1, 0, 
kim[m], 1, 0, 0, 0, 
kim[m], 0, 0, 1, 0, 
kim[m], 1, 0, 0, 0, 
kim[m], 0, 0, 0, 1, 
kim[m], 1, 0, 1, 0, 
kim[m], 0, 0, 0, 0, 
kim[m], 0, 0, 0, 0, 
kim[m], 1, 0, 1, 0, 
kim[m], 0, 0, 0, 0, 
kim[m], 1, 0, 1, 1, 
kim[m], 0, 0, 0, 0, 
kim[m], 1, 0, 0, 0, 
kim[m], 0, 0, 1, 0, 
kim[m], 1, 0, 0, 0, 
kim[m], 0, 0, 1, 1, 
kim[m], 1, 0, 0, 0, 
kim[m], 0, 0, 0, 0, 
kim[m], 0, 0, 1, 0, 
kim[m], 1, 0, 0, 0, 
kim[m], 0, 0, 1, 0, 
kim[m], 1, 0, 0, 1, 
kim[m], 0, 0, 0, 0, 
kim[m], 1, 0, 1, 0, 
kim[m], 0, 0, 0, 0, 
kim[m], 1, 0, 1, 0, 
kim[m], 0, 0, 0, 0, 
kim[m], 1, 0, 0, 1, 
kim[m], 0, 0, 1, 0, 
kim[m], 0, 0, 0, 0, 
kim[m], 1, 0, 1, 0, 
kim[m], 0, 0, 0, 0, 
kim[m], 1, 0, 0, 0, 
kim[m], 0, 0, 1, 1, 
kim[m], 1, 0, 0, 0, 
kim[m], 0, 0, 1, 0, 
kim[m], 1, 0, 0, 0, 
kim[m], 0, 0, 0, 0, 
kim[m], 1, 0, 1, 0, 
kim[m], 0, 0, 0, 1, 
kim[m], 0, 0, 1, 0, 
kim[m], 1, 0, 0, 0, 
kim[m], 0, 0, 0, 0, 
kim[m], 1, 0, 1, 0, 
kim[m], 0, 0, 0, 1, 
kim[m], 1, 0, 1, 0, 
kim[m], 0, 0, 0, 0, 
kim[m], 1, 0, 0, 0, 
kim[m], 0, 0, 1, 0, 
kim[m], 1, 0, 0, 0, 
kim[m], 0, 0, 1, 1, 
kim[m], 0, 0, 0, 0, 
kim[m], 1, 0, 0, 0, 
kim[m], 0, 0, 1, 0, 
kim[m], 1, 0, 0, 0, 
kim[m], 0, 0, 1, 0, 
kim[m], 1, 0, 0, 1, 
kim[m], 0, 0, 0, 0, 
kim[m], 1, 0, 1, 0, 
kim[m], 0, 0, 0, 0, 
kim[m], 1, 0, 1, 0, 
kim[m], 0, 0, 0, 0, 
kim[m], 0, 0, 0, 1, 
kim[m], 1, 0, 1, 0, 
kim[m], 0, 0, 0, 0, 
kim[m], 1, 0, 1, 0, 
kim[m], 0, 0, 0, 0, 
kim[m], 1, 0, 0, 1, 
kim[m], 0, 0, 1, 0, 
kim[m], 1, 0, 0, 0, 
kim[m], 0, 0, 1, 0, 
kim[m], 1, 0, 0, 0, 
kim[m], 0, 0, 0, 0, 
kim[m], 0, 0, 1, 1, 
kim[m], 1, 0, 0, 0, 
kim[m], 0, 0, 1, 0, 
kim[m], 1, 0, 0, 0, 
kim[m], 0, 0, 0, 0, 
kim[m], 1, 0, 1, 0, 
kim[m], 0, 0, 0, 1, 
kim[m], 1, 0, 1, 0, 
kim[m], 0, 0, 0, 0, 
kim[m], 1, 0, 0, 0, 
kim[m], 0, 0, 1, 0, 
kim[m], 0, 0, 0, 0, 
kim[m], 1, 0, 1, 1, 
kim[m], 0, 0, 0, 0, 
kim[m], 1, 0, 0, 0, 
kim[m], 0, 0, 1, 0, 
kim[m], 1, 0, 0, 0, 
kim[m], 0, 0, 1, 1, 
kim[m], 1, 0, 0, 0, 
kim[m], 0, 0, 0, 0, 
kim[m], 1, 0, 1, 0, 
kim[m], 0, 0, 0, 0, 
kim[m], 0, 0, 1, 0, 
kim[m], 1, 0, 0, 1, 
kim[m], 0, 0, 0, 0, 
kim[m], 1, 0, 1, 0, 
kim[m], 0, 0, 0, 0, 
kim[m], 1, 0, 1, 0, 
kim[m], 0, 0, 0, 0, 
kim[m], 1, 0, 0, 1, 
kim[m], 0, 0, 1, 0, 
kim[m], 1, 0, 0, 0, 
kim[m], 0, 0, 1, 0, 
kim[m], 0, 0, 0, 0, 
kim[m], 1, 0, 0, 0, 
kim[m], 0, 0, 1, 1, 
kim[m], 1, 0, 0, 0, 
kim[m], 0, 0, 1, 0, 
kim[m], 1, 0, 0, 0, 
kim[m], 0, 0, 0, 0, 
kim[m], 1, 0, 1, 1, 
kim[m], 0, 0, 0, 0, 
kim[m], 1, 0, 1, 0, 
kim[m], 0, 0, 0, 0, 
kim[m], 0, 0, 0, 0, 
kim[m], 1, 0, 1, 0, 
kim[m], 0, 0, 0, 1, 
kim[m], 1, 0, 1, 0, 
kim[m], 0, 0, 0, 0, 
kim[m], 1, 0, 0, 0, 
kim[m], 0, 0, 1, 0, 
kim[m], 1, 0, 0, 0, 
kim[m], 0, 0, 1, 1, 
kim[m], 1, 0, 0, 0, 
kim[m], 0, 0, 0, 0, 
kim[m], 0, 0, 1, 0, 
kim[m], 1, 0, 0, 0, 
kim[m], 0, 0, 1, 0, 
kim[m], 1, 0, 0, 1, 
kim[m], 0, 0, 0, 0, 
kim[m], 1, 0, 1, 0, 
kim[m], 0, 0, 0, 0, 
kim[m], 1, 0, 1, 0, 
kim[m], 0, 0, 0, 1, 
kim[m], 1, 0, 0, 0, 
kim[m], 0, 0, 1, 0, 
kim[m], 0, 0, 0, 0, 
kim[m], 1, 0, 1, 0, 
kim[m], 0, 0, 0, 0, 
kim[m], 1, 0, 0, 1, 
kim[m], 0, 0, 1, 0, 
kim[m], 1, 0, 0, 0, 
kim[m], 0, 0, 1, 0, 
kim[m], 1, 0, 0, 0, 
kim[m], 0, 0, 0, 0, 
kim[m], 1, 0, 1, 1, 
kim[m], 0, 0, 0, 0, 
kim[m], 0, 0, 1, 0, 
kim[m], 1, 0, 0, 0, 
kim[m], 0, 0, 0, 0, 
kim[m], 1, 0, 1, 0, 
kim[m], 0, 0, 0, 1, 
kim[m], 1, 0, 1, 0, 
kim[m], 0, 0, 0, 0, 
kim[m], 1, 0, 0, 0, 
kim[m], 0, 0, 1, 0, 
kim[m], 1, 0, 0, 1, 
kim[m], 0, 0, 1, 0, 
kim[m], 0, 0, 0, 0, 
kim[m], 1, 0, 0, 0, 
kim[m], 0, 0, 1, 0, 
kim[m], 1, 0, 0, 0, 
kim[m], 0, 0, 1, 1, 
kim[m], 1, 0, 0, 0, 
kim[m], 0, 0, 0, 0, 
kim[m], 1, 0, 1, 0, 
kim[m], 0, 0, 0, 0, 
kim[m], 1, 0, 1, 0, 
kim[m], 0, 0, 0, 1, 
kim[m], 0, 0, 0, 0, 
kim[m], 1, 0, 1, 0, 
kim[m], 0, 0, 0, 0, 
kim[m], 1, 0, 0, 0, 
kim[m], 0, 0, 1, 0, 
kim[m], 1, 0, 0, 1, 
kim[m], 0, 0, 1, 0, 
kim[m], 1, 0, 0, 0, 
kim[m], 0, 0, 0, 0, 
kim[m], 1, 0, 1, 0, 
kim[m], 0, 0, 0, 1, 
kim[m], 0, 0, 1, 0, 
kim[m], 1, 0, 0, 0, 
kim[m], 0, 0, 0, 0, 
kim[m], 1, 0, 1, 0, 
kim[m], 0, 0, 0, 0, 
kim[m], 1, 0, 1, 1, 
kim[m], 0, 0, 0, 0, 
kim[m], 1, 0, 0, 0, 
kim[m], 0, 0, 1, 0, 
kim[m], 1, 0, 0, 0, 
kim[m], 0, 0, 1, 0, 
kim[m], 0, 0, 0, 1, 
kim[m], 1, 0, 0, 0, 
kim[m], 0, 0, 1, 0, 
kim[m], 1, 0, 0, 0, 
kim[m], 0, 0, 1, 0, 
kim[m], 1, 0, 0, 0, 
kim[m], 0, 0, 0, 1, 
kim[m], 1, 0, 1, 0, 
kim[m], 0, 0, 0, 0, 
kim[m], 1, 0, 1, 0, 
kim[m], 0, 0, 0, 0, 
kim[m], 0, 0, 0, 0, 
kim[m], 1, 0, 1, 1, 
kim[m], 0, 0, 0, 0, 
kim[m], 1, 0, 1, 0, 
kim[m], 0, 0, 0, 0, 
kim[m], 1, 0, 0, 0, 
kim[m], 0, 0, 1, 1, 
kim[m], 1, 0, 0, 0, 
kim[m], 0, 0, 1, 0, 
kim[m], 1, 0, 0, 0, 
kim[m], 0, 0, 0, 0, 
kim[m], 0, 0, 1, 0, 
kim[m], 1, 0, 0, 1, 
kim[m], 0, 0, 1, 0, 
kim[m], 1, 0, 0, 0, 
kim[m], 0, 0, 0, 0, 
kim[m], 1, 0, 1, 0, 
kim[m], 0, 0, 0, 0, 
kim[m], 1, 0, 1, 1, 
kim[m], 0, 0, 0, 0, 
kim[m], 1, 0, 0, 0, 
kim[m], 0, 0, 1, 0, 
kim[m], 0, 0, 0, 0, 
kim[m], 1, 0, 1, 0, 
kim[m], 0, 0, 0, 1, 
kim[m], 1, 0, 0, 0, 
kim[m], 0, 0, 1, 0, 
kim[m], 1, 0, 0, 0, 
kim[m], 0, 0, 1, 0, 
kim[m], 1, 0, 0, 1, 
kim[m], 0, 0, 0, 0, 
kim[m], 1, 0, 1, 0, 
kim[m], 0, 0, 0, 0, 
kim[m], 0, 0, 1, 0, 
kim[m], 1, 0, 0, 0, 
kim[m], 0, 0, 0, 1, 
kim[m], 1, 0, 1, 0, 
kim[m], 0, 0, 0, 0, 
kim[m], 1, 0, 1, 0, 
kim[m], 0, 0, 0, 0, 
kim[m], 1, 0, 0, 0, 
kim[m], 0, 0, 1, 1, 
kim[m], 1, 0, 0, 0, 
kim[m], 0, 0, 1, 0, 
kim[m], 0, 0, 0, 0, 
kim[m], 1, 0, 0, 0, 
kim[m], 0, 0, 1, 0, 
kim[m], 1, 0, 0, 1, 
kim[m], 0, 0, 1, 0, 
kim[m], 1, 0, 0, 0, 
kim[m], 0, 0, 0, 0, 
kim[m], 1, 0, 1, 0, 
kim[m], 0, 0, 0, 1, 
kim[m], 1, 0, 1, 0, 
kim[m], 0, 0, 0, 0, 
kim[m], 0, 0, 0, 0, 
kim[m], 1, 0, 1, 0, 
kim[m], 0, 0, 0, 0, 
kim[m], 1, 0, 1, 1, 
kim[m], 0, 0, 0, 0, 
kim[m], 1, 0, 0, 0, 
kim[m], 0, 0, 1, 0, 
kim[m], 1, 0, 0, 0, 
kim[m], 0, 0, 1, 0, 
kim[m], 1, 0, 0, 1, 
kim[m], 0, 0, 0, 0, 
kim[m], 0, 0, 1, 0, 
kim[m], 1, 0, 0, 0, 
kim[m], 0, 0, 1, 0, 
kim[m], 1, 0, 0, 0, 
kim[m], 0, 0, 0, 1, 
kim[m], 1, 0, 1, 0, 
kim[m], 0, 0, 0, 0, 
kim[m], 1, 0, 1, 0, 
kim[m], 0, 0, 0, 0, 
kim[m], 1, 0, 0, 1, 
kim[m], 0, 0, 1, 0, 
kim[m], 0, 0, 0, 0, 
kim[m], 1, 0, 1, 0, 
kim[m], 0, 0, 0, 0, 
kim[m], 1, 0, 0, 0, 
kim[m], 0, 0, 1, 1, 
kim[m], 1, 0, 0, 0, 
kim[m], 0, 0, 1, 0, 
kim[m], 1, 0, 0, 0, 
kim[m], 0, 0, 0, 0, 
kim[m], 1, 0, 1, 0, 
kim[m], 0, 0, 0, 1, 
kim[m], 1, 0, 1, 0, 
kim[m], 0, 0, 0, 0, 
kim[m], 0, 0, 0, 0, 
kim[m], 1, 0, 1, 0, 
kim[m], 0, 0, 0, 0, 
kim[m], 1, 0, 1, 1, 
kim[m], 0, 0, 0, 0, 
kim[m], 1, 0, 0, 0, 
kim[m], 0, 0, 1, 0, 
kim[m], 1, 0, 0, 0, 
kim[m], 0, 0, 1, 1, 
kim[m], 1, 0, 0, 0, 
kim[m], 0, 0, 0, 0, 
kim[m], 0, 0, 1, 0, 
kim[m], 1, 0, 0, 0, 
kim[m], 0, 0, 1, 0, 
kim[m], 1, 0, 0, 1, 
kim[m], 0, 0, 0, 0, 
kim[m], 1, 0, 1, 0, 
kim[m], 0, 0, 0, 0, 
kim[m], 1, 0, 1, 0, 
kim[m], 0, 0, 0, 0, 
kim[m], 1, 0, 0, 1, 
kim[m], 0, 0, 1, 0, 
kim[m], 0, 0, 0, 0, 
kim[m], 1, 0, 1, 0, 
kim[m], 0, 0, 0, 0, 
kim[m], 1, 0, 0, 0, 
kim[m], 0, 0, 1, 1, 
kim[m], 1, 0, 0, 0, 
kim[m], 0, 0, 1, 0, 
kim[m], 1, 0, 0, 0, 
kim[m], 0, 0, 0, 0, 
kim[m], 1, 0, 1, 1, 
kim[m], 0, 0, 0, 0, 
kim[m], 0, 0, 1, 0, 
kim[m], 1, 0, 0, 0, 
kim[m], 0, 0, 0, 0, 
kim[m], 1, 0, 1, 0, 
kim[m], 0, 0, 0, 1, 
kim[m], 1, 0, 1, 0, 
kim[m], 0, 0, 0, 0, 
kim[m], 1, 0, 0, 0, 
kim[m], 0, 0, 1, 0, 
kim[m], 1, 0, 0, 0, 
kim[m], 0, 0, 1, 1, 
kim[m], 0, 0, 0, 0, 
kim[m], 1, 0, 0, 0, 
kim[m], 0, 0, 1, 0, 
kim[m], 1, 0, 0, 0, 
kim[m], 0, 0, 0, 0, 
kim[m], 1, 0, 1, 1, 
kim[m], 0, 0, 0, 0, 
kim[m], 1, 0, 1, 0, 
kim[m], 0, 0, 0, 0, 
kim[m], 1, 0, 0, 0, 
kim[m], 0, 0, 1, 1, 
kim[m], 0, 0, 0, 0, 
kim[m], 1, 0, 1, 0, 
kim[m], 0, 0, 0, 0, 
kim[m], 1, 0, 0, 0, 
kim[m], 0, 0, 1, 0, 
kim[m], 1, 0, 0, 1, 
kim[m], 0, 0, 1, 0, 
kim[m], 1, 0, 0, 0, 
kim[m], 0, 0, 0, 0, 
kim[m], 1, 0, 1, 0, 
kim[m], 0, 0, 0, 0, 
kim[m], 0, 0, 1, 1, 
kim[m], 1, 0, 0, 0, 
kim[m], 0, 0, 0, 0, 
kim[m], 1, 0, 1, 0, 
kim[m], 0, 0, 0, 0, 
kim[m], 1, 0, 1, 0, 
kim[m], 0, 0, 0, 1, 
kim[m], 1, 0, 0, 0, 
kim[m], 0, 0, 1, 0, 
kim[m], 1, 0, 0, 0, 
kim[m], 0, 0, 1, 0, 
kim[m], 0, 0, 0, 1, 
kim[m], 1, 0, 0, 0, 
kim[m], 0, 0, 1, 0, 
kim[m], 1, 0, 0, 0, 
kim[m], 0, 0, 1, 0, 
kim[m], 1, 0, 0, 0, 
kim[m], 0, 0, 0, 1, 
kim[m], 1, 0, 1, 0, 
kim[m], 0, 0, 0, 0, 
kim[m], 1, 0, 1, 0, 
kim[m], 0, 0, 0, 0, 
kim[m], 0, 0, 0, 0, 
kim[m], 1, 0, 1, 1, 
kim[m], 0, 0, 0, 0, 
kim[m], 1, 0, 1, 0, 
kim[m], 0, 0, 0, 0, 
kim[m], 1, 0, 0, 0, 
kim[m], 0, 0, 1, 0, 
kim[m], 1, 0, 0, 1, 
kim[m], 0, 0, 1, 0, 
kim[m], 1, 0, 0, 0, 
kim[m], 0, 0, 0, 0, 
kim[m], 0, 0, 1, 0, 
kim[m], 1, 0, 0, 0, 
kim[m], 0, 0, 1, 1, 
kim[m], 1, 0, 0, 0, 
kim[m], 0, 0, 0, 0, 
kim[m], 1, 0, 1, 0, 
kim[m], 0, 0, 0, 0, 
kim[m], 1, 0, 1, 1, 
kim[m], 0, 0, 0, 0, 
kim[m], 1, 0, 0, 0, 
kim[m], 0, 0, 1, 0, 
kim[m], 0, 0, 0, 0, 
kim[m], 1, 0, 1, 0, 
kim[m], 0, 0, 0, 1, 
kim[m], 1, 0, 0, 0, 
kim[m], 0, 0, 1, 0, 
kim[m], 1, 0, 0, 0, 
kim[m], 0, 0, 1, 0, 
kim[m], 1, 0, 0, 0, 
kim[m], 0, 0, 0, 1, 
kim[m], 1, 0, 1, 0, 
kim[m], 0, 0, 0, 0, 
kim[m], 0, 0, 1, 0, 
kim[m], 1, 0, 0, 0, 
kim[m], 0, 0, 0, 0, 
kim[m], 1, 0, 1, 1, 
ap,nan,nan,nan,nan,nan,nan,nan,nan,nan,nan,nan,nan,nan,nan,nan,nan,nan,nan,nan,nan,nan,nan,nan,nan,nan,nan,nan,nan,nan,nan,nan,nan,nan,nan,nan,nan,nan,nan,nan,nan,nan,nan,nan,nan,nan,nan,nan,nan,nan,nan,nan,nan,nan,nan,nan,nan,nan,nan,nan,nan,nan,nan,nan,nan,nan,nan,nan,nan,nan,nan,nan,nan,nan,nan,nan,nan,nan,nan,nan,nan,nan,nan,nan,nan,nan,nan,nan,nan,nan,nan,nan,nan,nan,nan,nan,nan,nan,nan,nan,nan,nan,nan,nan,nan,nan,nan,nan,nan,nan,nan,nan,nan,nan,nan,nan,nan,nan,nan,nan,nan,nan,nan,nan,nan,nan,nan,nan,nan,nan,nan,nan,nan,nan,nan,nan,nan,nan,nan,nan,nan,nan,nan,nan,nan,nan,nan,nan,nan,nan,nan,nan,nan,nan,nan,nan,nan,nan,nan,nan,nan,nan,nan,nan,nan,nan,nan,nan,nan,nan,nan,nan,nan,nan,nan,nan,nan,nan,nan,nan,nan,nan,nan,nan,nan,nan,nan,nan,nan,nan,nan,nan,nan,nan,nan,nan,nan,nan,nan,nan,nan,nan,nan,nan,nan,nan,nan,nan,nan,nan,nan,nan,nan,nan,nan,nan,nan,nan,nan,nan,nan,nan,nan,nan,nan,nan,nan,nan,nan,nan,nan,nan,nan,nan,nan,nan,nan,nan,nan,nan,nan,nan,nan,nan,nan,nan,nan,nan,nan,nan,nan,nan,nan,nan,nan,nan,nan,nan,nan,nan,nan,nan,nan,nan,nan,nan,nan,nan,nan,nan,nan,nan,nan,nan,nan,nan,nan,nan,nan,nan,nan,nan,nan,nan,nan,nan,nan,nan,nan,nan,nan,nan,nan,nan,nan,nan,nan,nan,nan,nan,nan,nan,nan,nan,nan,nan,nan,n